player_name,salary,team_abbreviation,age,player_height,player_weight,country,draft_year,draft_round,draft_number,games_played,pts,reb,ast,offensive_reb_pct,defensive_reb_pct,usage_pct,true_shooting_pct,assist_pct
A.C. Green,2250000,MIA,37.0,205.74,102.0582,USA,1985,1,23,82,4.5,3.8,0.5,0.08900000000000000,0.171,0.141,0.49200000000000000,0.05
A.J. Guyton,316000,CHI,23.0,185.42,81.64656,USA,2000,2,32,33,6.0,1.1,1.9,0.018000000000000000,0.053,0.16900000000000000,0.495,0.198
Aaron McKie,1820000,PHI,28.0,195.58,94.800728,USA,1994,1,17,76,11.6,4.1,5.0,0.016,0.13,0.19,0.5490000000000000,0.264
Aaron Williams,2250000,NJN,29.0,205.74,102.0582,USA,Undrafted,Undrafted,Undrafted,82,10.2,7.2,1.1,0.102,0.2,0.18,0.5330000000000000,0.068
Adam Keefe,3390000,GSW,31.0,205.74,104.32616,USA,1992,1,10,67,2.5,3.1,0.5,0.105,0.175,0.11600000000000000,0.45,0.066
Adonal Foyle,3578000,GSW,26.0,208.28,113.398,St. Vincent & Grenadines,1997,1,8,58,5.9,7.0,0.8,0.10100000000000000,0.18900000000000000,0.139,0.42200000000000000,0.052000000000000000
Adrian Griffin,498000,BOS,26.0,195.58,97.52228000000000,USA,Undrafted,Undrafted,Undrafted,44,2.1,2.0,0.6,0.077,0.20200000000000000,0.149,0.43200000000000000,0.125
Al Harrington,797000,IND,21.0,205.74,115.212368,USA,1998,1,25,78,7.5,4.9,1.7,0.07400000000000000,0.151,0.187,0.479,0.11600000000000000
Alan Henderson,5909000,ATL,28.0,205.74,106.59412000000000,USA,1995,1,16,73,10.5,5.6,0.7,0.109,0.147,0.22400000000000000,0.48700000000000000,0.05
Allan Houston,9000000,NYK,30.0,198.12,90.7184,USA,1993,1,11,78,18.7,3.6,2.2,0.009000000000000000,0.107,0.256,0.5430000000000000,0.11900000000000000
Allen Iverson,10125000,PHI,26.0,182.88,74.84268,USA,1996,1,1,71,31.1,3.8,4.6,0.019,0.081,0.354,0.518,0.226
Alonzo Mourning,16879000,MIA,31.0,208.28,118.38751200000000,USA,1992,1,2,13,13.6,7.8,0.9,0.142,0.23200000000000000,0.301,0.536,0.079
Alvin Williams,2100000,TOR,26.0,195.58,83.91452,USA,1997,2,47,82,9.8,2.6,5.0,0.023,0.078,0.175,0.483,0.267
Andre Miller,1808000,CLE,25.0,187.96,90.7184,USA,1999,1,8,82,15.8,4.4,8.0,0.039,0.105,0.23,0.541,0.389
Andrew DeClercq,1920000,ORL,28.0,208.28,115.66596000000000,USA,1995,2,34,67,3.9,3.5,0.5,0.111,0.179,0.13700000000000000,0.57,0.049
Anfernee Hardaway,10130000,PHX,29.0,200.66,97.52228000000000,USA,1993,1,3,4,9.8,4.5,3.8,0.045,0.13,0.17300000000000000,0.47700000000000000,0.22400000000000000
Antawn Jamison,2678000,GSW,25.0,205.74,101.151016,USA,1998,1,4,82,24.9,8.7,2.0,0.081,0.14800000000000000,0.27900000000000000,0.499,0.094
Anthony Carter,1200000,MIA,26.0,185.42,86.18248,USA,Undrafted,Undrafted,Undrafted,72,6.4,2.5,3.7,0.034,0.094,0.19,0.439,0.305
Anthony Goldwire,243000,DEN,29.0,187.96,82.553744,USA,1994,2,52,20,4.1,0.6,1.7,0.005,0.064,0.21900000000000000,0.469,0.276
Anthony Johnson,1200000,CLE,26.0,190.5,86.18248,USA,1997,2,39,53,2.5,0.8,1.5,0.021,0.084,0.17600000000000000,0.39,0.266
Anthony Mason,5553000,MIA,34.0,203.2,115.66596000000000,USA,1988,3,53,80,16.1,9.6,3.1,0.062,0.223,0.201,0.555,0.14400000000000000
Anthony Peeler,2737000,MIN,31.0,193.04,94.34713600000000,USA,1992,1,15,75,10.5,2.6,2.6,0.023,0.078,0.18600000000000000,0.513,0.138
Antoine Walker,10125000,BOS,24.0,205.74,111.13004,USA,1996,1,6,81,23.4,8.9,5.5,0.05,0.204,0.292,0.505,0.261
Antonio Daniels,2814000,SAS,26.0,193.04,92.98636000000000,USA,1997,1,4,79,9.4,2.1,3.8,0.015,0.07400000000000000,0.175,0.5670000000000000,0.24600000000000000
Antonio Davis,5500000,TOR,32.0,205.74,104.32616,USA,1990,2,45,78,13.7,10.1,1.4,0.111,0.21600000000000000,0.196,0.508,0.062
Antonio Harvey,548000,POR,30.0,210.82,113.398,USA,Undrafted,Undrafted,Undrafted,12,2.6,1.2,0.3,0.071,0.129,0.21100000000000000,0.506,0.10300000000000000
Antonio McDyess,10800000,DEN,26.0,205.74,111.13004,USA,1995,1,2,70,20.8,12.1,2.1,0.10400000000000000,0.254,0.26900000000000000,0.5380000000000000,0.106
Arvydas Sabonis,10636000,POR,36.0,220.98,132.448864,Lithuania,1986,1,24,61,10.1,5.4,1.5,0.049,0.239,0.24100000000000000,0.527,0.121
Austin Croshere,5298000,IND,26.0,205.74,109.769264,USA,1997,1,12,81,10.1,4.8,1.1,0.077,0.159,0.23,0.512,0.087
Avery Johnson,8000000,SAS,36.0,180.34,81.64656,USA,Undrafted,Undrafted,Undrafted,55,5.6,1.5,4.3,0.02,0.054000000000000000,0.14400000000000000,0.475,0.302
Baron Davis,2916000,CHH,22.0,190.5,96.16150400000000,USA,1999,1,3,82,13.8,5.0,7.3,0.046,0.099,0.192,0.512,0.319
Ben Wallace,4000000,DET,26.0,205.74,108.86208,USA,Undrafted,Undrafted,Undrafted,80,6.4,13.2,1.5,0.11600000000000000,0.293,0.105,0.47100000000000000,0.067
Bill Curley,2250000,GSW,29.0,205.74,99.79024,USA,1994,1,22,20,3.2,1.9,0.2,0.11800000000000000,0.1,0.159,0.569,0.028000000000000000
Bo Outlaw,4500000,ORL,30.0,203.2,95.25432,USA,Undrafted,Undrafted,Undrafted,80,7.3,7.7,2.8,0.092,0.183,0.107,0.623,0.128
Bob Sura,4386000,GSW,28.0,195.58,90.7184,USA,1995,1,17,53,11.1,4.3,4.6,0.032,0.121,0.193,0.48700000000000000,0.23200000000000000
Bobby Jackson,2250000,SAC,28.0,185.42,83.91452,USA,1997,1,23,79,7.2,3.1,2.0,0.05,0.111,0.182,0.501,0.166
Bonzi Wells,1528000,POR,24.0,195.58,95.25432,USA,1998,1,11,75,12.6,4.9,2.8,0.077,0.14300000000000000,0.233,0.5710000000000000,0.179
Brad Miller,4000000,CHI,25.0,213.36,118.38751200000000,USA,Undrafted,Undrafted,Undrafted,57,8.9,7.4,1.9,0.114,0.22900000000000000,0.18100000000000000,0.52,0.13
Brent Barry,4320000,SEA,29.0,198.12,97.52228000000000,USA,1995,1,15,67,8.8,3.1,3.4,0.023,0.113,0.135,0.66,0.19
Brent Price,2880000,VAN,32.0,185.42,83.91452,USA,1992,2,32,6,2.2,0.7,0.8,0.034,0.091,0.265,0.462,0.263
Brevin Knight,4250000,ATL,25.0,177.8,77.11064,USA,1997,1,16,53,6.3,3.2,5.9,0.017,0.109,0.147,0.41600000000000000,0.32
Brian Cardinal,316000,DET,24.0,203.2,111.13004,USA,2000,2,44,15,2.1,1.5,0.2,0.068,0.14,0.162,0.39800000000000000,0.052000000000000000
Brian Grant,8897000,MIA,29.0,205.74,113.398,USA,1994,1,8,82,15.2,8.8,1.2,0.09300000000000000,0.214,0.23600000000000000,0.536,0.07200000000000000
Brian Shaw,2250000,LAL,35.0,198.12,90.7184,USA,1988,1,24,80,5.3,3.8,3.2,0.03,0.158,0.131,0.479,0.20600000000000000
Brian Skinner,901000,LAC,25.0,205.74,120.20188,USA,1998,1,22,39,4.1,4.3,0.5,0.107,0.215,0.172,0.428,0.054000000000000000
Bruce Bowen,733000,MIA,30.0,200.66,90.7184,USA,Undrafted,Undrafted,Undrafted,82,7.6,3.0,1.6,0.02,0.08900000000000000,0.132,0.478,0.08200000000000000
Bruno Sundov,498000,IND,21.0,218.44,108.40848800000000,Croatia,1998,2,35,11,3.9,2.1,0.2,0.037000000000000000,0.15,0.175,0.498,0.03
Bryant Reeves,10110000,VAN,28.0,213.36,131.54168,USA,1995,1,6,75,8.3,6.0,1.1,0.083,0.198,0.175,0.506,0.073
Bryant Stith,5620000,BOS,30.0,195.58,95.25432,USA,1992,1,13,78,9.7,3.6,2.2,0.029000000000000000,0.106,0.145,0.5380000000000000,0.111
Bryon Russell,4570000,UTA,30.0,200.66,102.0582,USA,1993,2,45,78,12.0,4.2,2.1,0.048,0.11800000000000000,0.175,0.565,0.105
Cal Bowdler,1102000,ATL,24.0,208.28,111.13004,USA,1999,1,17,44,3.2,1.8,0.1,0.091,0.142,0.168,0.532,0.016
Calbert Cheaney,2200000,DEN,29.0,200.66,98.429464,USA,1993,1,6,9,2.3,2.2,1.0,0.034,0.109,0.10400000000000000,0.34,0.076
Calvin Booth,423000,DAL,25.0,210.82,109.315672,USA,1999,2,35,55,5.3,4.5,0.8,0.091,0.196,0.163,0.512,0.07400000000000000
Carlos Rogers,2200000,HOU,30.0,210.82,105.23334400000000,USA,1994,1,11,39,4.6,3.6,0.2,0.106,0.184,0.128,0.674,0.027000000000000000
Cedric Ceballos,3937000,MIA,31.0,200.66,99.79024,USA,1990,2,48,40,6.5,2.7,0.5,0.07200000000000000,0.14800000000000000,0.228,0.526,0.067
Cedric Henderson,2700000,CLE,26.0,200.66,102.0582,USA,1997,2,44,55,4.3,1.6,1.4,0.023,0.086,0.165,0.41600000000000000,0.134
Charlie Ward,5000000,NYK,30.0,187.96,86.18248,USA,1994,1,26,61,7.1,2.6,4.5,0.026000000000000000,0.10100000000000000,0.16700000000000000,0.536,0.297
Chauncey Billups,2250000,MIN,24.0,190.5,91.625584,USA,1997,1,3,77,9.3,2.1,3.4,0.021,0.084,0.198,0.5380000000000000,0.22900000000000000
Cherokee Parks,2100000,LAC,28.0,210.82,108.86208,USA,1995,1,12,65,4.6,3.5,0.7,0.078,0.179,0.149,0.51,0.071
Chris Carr,,BOS,27.0,198.12,99.79024,USA,1995,2,56,35,4.8,1.3,0.3,0.038,0.11700000000000000,0.226,0.611,0.07200000000000000
Chris Childs,4680000,TOR,33.0,190.5,88.45044,USA,Undrafted,Undrafted,Undrafted,77,4.7,2.6,4.6,0.016,0.11,0.135,0.494,0.32
Chris Crawford,2250000,ATL,26.0,205.74,106.59412000000000,USA,1997,2,50,47,6.8,2.3,0.8,0.034,0.106,0.18100000000000000,0.519,0.07
Chris Dudley,6200000,PHX,36.0,210.82,117.93392,USA,1987,4,75,53,1.4,3.5,0.3,0.114,0.22400000000000000,0.084,0.405,0.04
Chris Garner,32000,GSW,26.0,177.8,70.760352,USA,Undrafted,Undrafted,Undrafted,8,2.4,1.5,2.3,0.013000000000000000,0.079,0.139,0.24,0.17800000000000000
Chris Gatling,,CLE,33.0,208.28,104.32616,USA,1991,1,16,74,11.4,5.3,0.8,0.068,0.215,0.258,0.505,0.067
Chris Herren,423000,BOS,25.0,187.96,86.18248,USA,1999,2,33,25,3.3,0.8,2.2,0.011000000000000000,0.049,0.133,0.41,0.204
Chris Mihm,1923000,CLE,21.0,215.9,120.20188,USA,2000,1,7,59,7.6,4.7,0.3,0.106,0.16700000000000000,0.203,0.5,0.024
Chris Mills,4800000,GSW,31.0,200.66,97.975872,USA,1993,1,22,15,12.0,6.2,1.2,0.049,0.147,0.195,0.435,0.061
Chris Mullin,,GSW,37.0,198.12,90.7184,USA,1985,1,7,20,5.8,2.1,1.0,0.025,0.095,0.158,0.486,0.08800000000000000
Chris Porter,316000,GSW,23.0,200.66,98.88305600000000,USA,2000,2,55,51,8.6,3.7,1.2,0.071,0.10300000000000000,0.204,0.434,0.08800000000000000
Chris Webber,12000000,SAC,28.0,208.28,111.13004,USA,1993,1,1,70,27.1,11.1,4.2,0.069,0.22,0.313,0.516,0.20200000000000000
Chris Whitney,2370000,WAS,29.0,182.88,79.3786,USA,1993,2,47,59,9.5,1.8,4.2,0.009000000000000000,0.075,0.182,0.537,0.273
Christian Laettner,6625000,WAS,31.0,210.82,111.13004,USA,1992,1,3,78,9.3,4.7,1.6,0.085,0.17300000000000000,0.21100000000000000,0.568,0.126
Chucky Atkins,3000000,DET,26.0,180.34,72.57472,USA,Undrafted,Undrafted,Undrafted,81,12.0,2.1,4.1,0.013000000000000000,0.067,0.213,0.48100000000000000,0.23400000000000000
Chucky Brown,241000,CLE,33.0,203.2,99.79024,USA,1989,2,43,26,3.9,2.1,0.4,0.027000000000000000,0.16400000000000000,0.157,0.46400000000000000,0.054000000000000000
Clar. Weatherspoon,2100000,CLE,30.0,200.66,120.20188,USA,1992,1,9,82,11.3,9.7,1.3,0.092,0.231,0.151,0.563,0.061
Clifford Robinson,6890000,PHX,34.0,208.28,102.0582,USA,1989,2,36,82,16.4,4.1,2.9,0.043,0.095,0.251,0.501,0.155
Corey Benjamin,744000,CHI,23.0,198.12,92.98636000000000,USA,1998,1,28,65,4.7,1.5,1.1,0.049,0.08900000000000000,0.217,0.45300000000000000,0.14800000000000000
Corey Maggette,1353000,LAC,21.0,198.12,98.88305600000000,USA,1999,1,13,69,10.0,4.2,1.2,0.075,0.162,0.242,0.562,0.11200000000000000
Corie Blount,1320000,GSW,32.0,208.28,109.769264,USA,1993,1,25,68,4.6,5.9,0.9,0.135,0.193,0.131,0.473,0.07400000000000000
Corliss Williamson,3997000,DET,27.0,200.66,111.13004,USA,1995,1,13,69,11.6,4.7,0.9,0.068,0.133,0.222,0.5330000000000000,0.066
Cory Alexander,,ORL,28.0,185.42,86.18248,USA,1995,1,29,26,2.0,1.0,1.4,0.0,0.13700000000000000,0.17800000000000000,0.40700000000000000,0.273
Courtney Alexander,1319000,WAS,24.0,195.58,92.98636000000000,USA,2000,1,13,65,9.5,2.2,1.0,0.036000000000000000,0.085,0.23200000000000000,0.484,0.083
Cuttino Mobley,3922000,HOU,25.0,193.04,86.18248,USA,1998,2,41,79,19.5,5.0,2.5,0.033,0.11800000000000000,0.244,0.541,0.114
Dale Davis,6175000,POR,32.0,210.82,114.30518400000000,USA,1991,1,13,81,7.2,7.5,1.3,0.132,0.19700000000000000,0.134,0.524,0.073
Dalibor Bagaric,795000,CHI,20.0,215.9,125.64498400000000,Croatia,2000,1,24,35,1.3,1.6,0.3,0.091,0.158,0.174,0.304,0.065
Damon Jones,714000,VAN,24.0,190.5,83.91452,USA,Undrafted,Undrafted,Undrafted,71,6.5,1.7,3.2,0.013000000000000000,0.085,0.168,0.525,0.276
Damon Stoudamire,11250000,POR,27.0,177.8,77.56423200000000,USA,1995,1,7,82,13.0,3.7,5.7,0.032,0.1,0.21,0.519,0.275
Dan Langhi,316000,HOU,23.0,210.82,99.79024,USA,2000,2,31,33,2.7,1.2,0.1,0.057,0.126,0.222,0.40300000000000000,0.031
Dan Majerle,4000000,MIA,35.0,198.12,100.697424,USA,1988,1,14,53,5.0,3.1,1.7,0.018000000000000000,0.135,0.11600000000000000,0.48,0.10800000000000000
Dan McClintock,26000,DEN,24.0,213.36,122.46984000000000,USA,2000,2,53,6,3.0,2.8,0.2,0.149,0.171,0.158,0.446,0.025
Dana Barros,3700000,DET,34.0,180.34,73.935496,USA,1989,1,16,60,8.0,1.6,1.8,0.006,0.091,0.20200000000000000,0.534,0.187
Daniel Santiago,316000,PHX,25.0,215.9,116.119552,Puerto Rico,Undrafted,Undrafted,Undrafted,54,3.1,1.9,0.2,0.068,0.132,0.156,0.528,0.03
Danny Ferry,1200000,SAS,34.0,208.28,106.59412000000000,USA,1989,1,2,80,5.6,2.8,0.9,0.04,0.107,0.122,0.5770000000000000,0.066
Danny Fortson,,GSW,25.0,203.2,117.93392,USA,1997,1,10,6,16.7,16.3,0.8,0.152,0.371,0.166,0.6780000000000000,0.042
Danny Manning,1200000,UTA,35.0,208.28,110.676448,USA,1988,1,1,82,7.4,2.6,1.1,0.065,0.136,0.23200000000000000,0.537,0.135
Darius Miles,2841000,LAC,19.0,205.74,91.625584,USA,2000,1,3,81,9.4,5.9,1.2,0.07200000000000000,0.17300000000000000,0.191,0.518,0.08
Darrell Armstrong,3100000,ORL,33.0,185.42,81.64656,USA,Undrafted,Undrafted,Undrafted,75,15.8,4.6,7.0,0.036000000000000000,0.102,0.20800000000000000,0.535,0.299
Darrick Martin,673000,SAC,30.0,180.34,77.11064,USA,Undrafted,Undrafted,Undrafted,31,3.3,0.5,0.5,0.012,0.073,0.263,0.563,0.152
Darvin Ham,1700000,MIL,27.0,200.66,104.32616,USA,Undrafted,Undrafted,Undrafted,29,3.8,4.2,0.9,0.115,0.136,0.115,0.537,0.07
David Benoit,548000,UTA,33.0,203.2,99.79024,USA,Undrafted,Undrafted,Undrafted,49,3.6,1.7,0.4,0.059000000000000000,0.172,0.201,0.542,0.087
David Robinson,13196000,SAS,35.0,215.9,113.398,USA,1987,1,1,80,14.4,8.6,1.5,0.102,0.21600000000000000,0.22700000000000000,0.5590000000000000,0.087
David Vanterpool,80000,WAS,28.0,195.58,90.7184,USA,Undrafted,Undrafted,Undrafted,22,5.5,1.7,3.0,0.043,0.064,0.18100000000000000,0.462,0.254
David Wesley,2880000,CHH,30.0,185.42,95.707912,USA,Undrafted,Undrafted,Undrafted,82,17.2,2.7,4.4,0.023,0.059000000000000000,0.23,0.509,0.214
David Wingate,548000,SEA,37.0,195.58,84.821704,USA,1986,2,44,1,6.0,0.0,2.0,0.0,0.0,0.14,1.0,0.28600000000000000
Dean Garrett,2880000,MIN,34.0,210.82,113.398,USA,1988,2,38,70,2.5,3.1,0.3,0.085,0.21,0.109,0.511,0.042
Dee Brown,548000,ORL,32.0,187.96,92.98636000000000,USA,1990,1,19,7,6.9,1.6,1.7,0.0,0.083,0.153,0.519,0.152
Dell Curry,2000000,TOR,37.0,195.58,92.98636000000000,USA,1986,1,15,71,6.0,1.2,1.1,0.018000000000000000,0.087,0.20600000000000000,0.53,0.135
Derek Anderson,2250000,SAS,26.0,195.58,88.45044,USA,1997,1,13,82,15.5,4.4,3.7,0.031,0.107,0.218,0.542,0.177
Derek Fisher,3000000,LAL,26.0,185.42,90.7184,USA,1996,1,24,20,11.5,3.0,4.4,0.008,0.08900000000000000,0.153,0.534,0.18100000000000000
Derek Strong,3510000,LAC,33.0,205.74,108.86208,USA,1990,2,47,28,4.2,3.9,0.3,0.08,0.18,0.14800000000000000,0.44300000000000000,0.023
DerMarr Johnson,2107000,ATL,21.0,205.74,91.171992,USA,2000,1,6,78,5.1,2.3,0.8,0.046,0.105,0.177,0.46300000000000000,0.079
Derrick Coleman,8040000,CHH,34.0,208.28,122.46984000000000,USA,1990,1,1,34,8.1,5.4,1.1,0.073,0.23,0.22900000000000000,0.469,0.113
Derrick Dial,,SAS,25.0,193.04,83.91452,USA,1998,2,52,33,2.6,1.2,0.6,0.076,0.146,0.24,0.466,0.154
Derrick McKey,5400000,IND,34.0,208.28,109.315672,USA,1987,1,9,66,2.2,2.7,1.1,0.059000000000000000,0.14300000000000000,0.094,0.49,0.12300000000000000
DeShawn Stevenson,828000,UTA,20.0,195.58,95.25432,USA,2000,1,23,40,2.2,0.7,0.5,0.037000000000000000,0.073,0.20200000000000000,0.413,0.105
Desmond Mason,1074000,SEA,23.0,195.58,97.52228000000000,USA,2000,1,17,78,5.9,3.2,0.8,0.055,0.138,0.157,0.483,0.066
Detlef Schrempf,2200000,POR,38.0,208.28,106.59412000000000,USA,1985,1,8,26,4.0,3.0,1.7,0.053,0.185,0.161,0.48700000000000000,0.182
Devean George,849000,LAL,23.0,203.2,99.79024,USA,1999,1,23,59,3.1,1.9,0.3,0.065,0.145,0.201,0.39400000000000000,0.055
Dikembe Mutombo,14422000,PHI,35.0,218.44,120.20188,Congo,1991,1,4,75,10.0,13.5,1.0,0.135,0.294,0.146,0.547,0.048
Dion Glover,960000,ATL,22.0,195.58,103.418976,USA,1999,1,20,57,5.9,2.3,1.2,0.047,0.106,0.2,0.461,0.12300000000000000
Dirk Nowitzki,1693000,DAL,23.0,210.82,107.501304,Germany,1998,1,9,82,21.8,9.2,2.1,0.044000000000000000,0.22,0.237,0.601,0.092
Don MacLean,798000,MIA,31.0,208.28,106.59412000000000,USA,1992,1,19,8,3.9,2.3,0.5,0.096,0.157,0.203,0.613,0.095
Don Reid,548000,ORL,27.0,203.2,113.398,USA,1995,2,58,64,3.3,3.8,0.3,0.12,0.22900000000000000,0.129,0.59,0.044000000000000000
Donnell Harvey,,DAL,20.0,203.2,99.79024,USA,2000,1,22,18,1.2,1.1,0.1,0.094,0.20600000000000000,0.187,0.523,0.059000000000000000
Donyell Marshall,5630000,UTA,28.0,205.74,104.32616,USA,1994,1,4,81,13.6,7.0,1.6,0.094,0.2,0.215,0.568,0.099
Doug Christie,3132000,SAC,31.0,198.12,92.98636000000000,USA,1992,1,17,81,12.3,4.4,3.6,0.035,0.094,0.161,0.5380000000000000,0.142
Doug Overton,90000,NJN,31.0,190.5,86.18248,USA,1991,2,40,21,6.0,1.9,3.4,0.009000000000000000,0.08200000000000000,0.168,0.428,0.24600000000000000
Doug West,,VAN,34.0,198.12,90.7184,USA,1989,2,38,15,1.9,1.0,0.9,0.023,0.071,0.11600000000000000,0.341,0.14
Dragan Tarlac,2500000,CHI,28.0,210.82,122.46984000000000,USA,1995,2,31,43,2.4,2.8,0.7,0.07200000000000000,0.177,0.11800000000000000,0.45400000000000000,0.087
Duane Causwell,4000000,MIA,33.0,213.36,115.66596000000000,USA,1990,1,18,31,2.5,2.7,0.2,0.07200000000000000,0.19900000000000000,0.154,0.396,0.023
Earl Boykins,,LAC,25.0,165.1,60.327736,USA,Undrafted,Undrafted,Undrafted,10,6.5,1.1,3.2,0.029000000000000000,0.055,0.235,0.461,0.405
Eddie Gill,34000,NJN,22.0,182.88,86.18248,USA,Undrafted,Undrafted,Undrafted,8,4.9,1.1,3.0,0.0,0.07400000000000000,0.157,0.451,0.324
Eddie House,316000,MIA,23.0,185.42,81.64656,USA,2000,2,37,50,5.0,0.8,1.0,0.01,0.078,0.256,0.478,0.192
Eddie Jones,8960000,MIA,29.0,200.66,87.996848,USA,1994,1,10,63,17.4,4.6,2.7,0.04,0.115,0.24100000000000000,0.5530000000000000,0.15
Eddie Robinson,600000,CHH,25.0,205.74,92.98636000000000,USA,Undrafted,Undrafted,Undrafted,67,7.4,3.0,0.9,0.06,0.129,0.19,0.5590000000000000,0.094
Eduardo Najera,316000,DAL,24.0,203.2,106.140528,Mexico,2000,2,38,40,3.3,2.4,0.7,0.107,0.142,0.146,0.522,0.09300000000000000
Elden Campbell,8050000,CHH,32.0,213.36,124.7378,USA,1990,1,27,78,13.1,7.8,1.3,0.076,0.218,0.23,0.505,0.08
Eldridge Recasner,1200000,CHH,33.0,193.04,87.089664,USA,1992,Undrafted,Undrafted,43,2.4,1.2,0.9,0.04,0.099,0.174,0.42200000000000000,0.172
Elliot Perry,390000,PHX,32.0,182.88,68.945984,USA,1991,2,37,49,3.0,0.9,1.6,0.02,0.083,0.166,0.491,0.248
Elton Brand,3629000,CHI,22.0,203.2,117.93392,USA,1999,1,1,74,20.1,10.1,3.2,0.113,0.196,0.262,0.523,0.16400000000000000
Emanual Davis,611000,SEA,32.0,195.58,88.45044,USA,Undrafted,Undrafted,Undrafted,62,5.8,2.5,2.2,0.026000000000000000,0.11600000000000000,0.15,0.527,0.162
Eric Montross,2240000,TOR,29.0,213.36,122.46984000000000,USA,1994,1,9,54,2.2,3.2,0.4,0.085,0.212,0.128,0.396,0.045
Eric Piatkowski,3000000,LAC,30.0,198.12,98.429464,USA,1994,1,15,81,10.6,3.0,1.2,0.03,0.098,0.179,0.5720000000000000,0.07400000000000000
Eric Snow,3375000,PHI,28.0,190.5,92.532768,USA,1995,2,43,50,9.8,3.3,7.4,0.018000000000000000,0.08900000000000000,0.16,0.488,0.337
Eric Williams,3892000,BOS,28.0,203.2,99.79024,USA,1995,1,14,81,6.6,2.6,1.4,0.04,0.10300000000000000,0.162,0.48700000000000000,0.109
Erick Barkley,712000,POR,23.0,185.42,80.28578400000000,USA,2000,1,28,8,2.4,0.4,0.8,0.0,0.086,0.304,0.43200000000000000,0.25
Erick Dampier,5611000,GSW,25.0,210.82,120.20188,USA,1996,1,10,43,7.4,5.8,1.4,0.09,0.17600000000000000,0.183,0.43200000000000000,0.096
Erick Strickland,,VAN,27.0,190.5,95.25432,USA,Undrafted,Undrafted,Undrafted,50,5.2,2.6,1.9,0.026000000000000000,0.153,0.19900000000000000,0.431,0.203
Ervin Johnson,3310000,MIL,33.0,210.82,115.66596000000000,USA,1993,1,23,82,3.2,7.5,0.5,0.121,0.237,0.067,0.557,0.028000000000000000
Etdrick Bohannon,,CLE,28.0,205.74,99.79024,USA,Undrafted,Undrafted,Undrafted,6,1.3,1.2,0.0,0.214,0.235,0.16400000000000000,0.6940000000000000,0.0
Evan Eschmeyer,423000,NJN,26.0,210.82,115.66596000000000,USA,1999,2,34,74,3.4,4.9,0.5,0.115,0.195,0.10100000000000000,0.512,0.044000000000000000
Felipe Lopez,831000,MIN,26.0,195.58,88.45044,Dominican Republic,1998,1,24,70,7.9,3.3,1.5,0.04,0.131,0.18,0.503,0.114
Felton Spencer,548000,NYK,33.0,213.36,120.20188,USA,1990,1,6,18,2.2,1.9,0.1,0.152,0.21600000000000000,0.174,0.629,0.031
Fred Hoiberg,880000,CHI,28.0,195.58,95.25432,USA,1995,2,52,74,9.1,4.2,3.6,0.011000000000000000,0.159,0.132,0.598,0.2
Garth Joseph,,DEN,27.0,218.44,138.799152,USA,Undrafted,Undrafted,Undrafted,4,0.5,0.5,0.3,0.111,0.0,0.21100000000000000,0.17,0.1
Gary Grant,,POR,36.0,190.5,83.91452,USA,1988,1,15,4,2.5,0.0,0.3,0.0,0.0,0.20200000000000000,0.7140000000000000,0.1
Gary Payton,12200000,SEA,32.0,193.04,81.64656,USA,1990,1,2,79,23.1,4.6,8.1,0.025,0.10100000000000000,0.27,0.522,0.364
Gary Trent,,DAL,26.0,203.2,113.398,USA,1995,1,11,33,4.0,2.8,0.3,0.128,0.183,0.23600000000000000,0.456,0.056000000000000000
George Lynch,2200000,PHI,30.0,203.2,103.418976,USA,1993,1,12,82,8.4,7.2,1.7,0.087,0.163,0.138,0.496,0.084
George McCloud,2200000,DEN,34.0,203.2,102.0582,USA,1989,1,7,76,9.6,2.9,3.7,0.031,0.096,0.19,0.496,0.223
Gerard King,,WAS,28.0,205.74,104.32616,USA,Undrafted,Undrafted,Undrafted,45,4.8,2.9,0.7,0.062,0.16400000000000000,0.153,0.552,0.08
Glen Rice,7578000,NYK,34.0,203.2,99.79024,USA,1989,1,4,75,12.0,4.1,1.2,0.035,0.135,0.20600000000000000,0.54,0.07400000000000000
Glenn Robinson,8120000,MIL,28.0,200.66,104.32616,USA,1994,1,1,76,22.0,6.9,3.3,0.051,0.156,0.28800000000000000,0.525,0.157
Grant Hill,9658000,ORL,28.0,203.2,102.0582,USA,1994,1,3,4,13.8,6.3,6.3,0.061,0.147,0.21600000000000000,0.505,0.32900000000000000
Grant Long,2200000,VAN,35.0,205.74,113.398,USA,1988,2,33,66,6.0,4.2,1.3,0.058000000000000000,0.149,0.13700000000000000,0.51,0.092
Greg Anthony,3500000,POR,33.0,185.42,81.64656,USA,1991,1,12,58,4.9,1.1,1.4,0.032,0.056000000000000000,0.171,0.527,0.162
Greg Buckner,1100000,DAL,24.0,193.04,95.25432,USA,1998,2,53,37,6.2,4.2,1.3,0.086,0.135,0.145,0.503,0.08900000000000000
Greg Foster,1764000,LAL,32.0,210.82,113.398,USA,1990,2,35,62,2.0,1.8,0.5,0.071,0.22,0.171,0.449,0.125
Greg Ostertag,5200000,UTA,28.0,218.44,127.00576000000000,USA,1995,1,28,81,4.5,5.1,0.3,0.139,0.201,0.128,0.522,0.025
Hakeem Olajuwon,16685000,HOU,38.0,213.36,115.66596000000000,Nigeria,1984,1,1,58,11.9,7.4,1.2,0.094,0.226,0.21600000000000000,0.526,0.08200000000000000
Hanno Mottola,316000,ATL,24.0,210.82,112.037224,Finland,2000,2,40,73,4.4,2.4,0.3,0.055,0.145,0.175,0.504,0.044000000000000000
Hedo Turkoglu,1131000,SAC,22.0,203.2,99.79024,Turkey,2000,1,16,74,5.3,2.8,0.9,0.044000000000000000,0.129,0.156,0.509,0.08800000000000000
Hersey Hawkins,1200000,CHH,34.0,190.5,90.7184,USA,1988,1,6,59,3.1,1.4,1.2,0.03,0.10800000000000000,0.128,0.555,0.19400000000000000
Horace Grant,7843000,LAL,35.0,208.28,111.13004,USA,1987,1,10,77,8.5,7.1,1.6,0.106,0.149,0.13,0.511,0.073
Howard Eisley,4250000,DAL,28.0,187.96,81.64656,USA,1994,2,30,82,9.0,2.4,3.6,0.011000000000000000,0.08,0.155,0.507,0.183
Hubert Davis,752000,WAS,31.0,195.58,83.007336,USA,1992,1,20,66,7.9,2.1,1.7,0.019,0.073,0.14400000000000000,0.569,0.10400000000000000
Ike Austin,5500000,VAN,31.0,208.28,122.46984000000000,USA,1991,2,48,52,4.3,4.3,1.1,0.066,0.244,0.185,0.39300000000000000,0.114
Ira Bowman,,ATL,28.0,195.58,88.45044,USA,Undrafted,Undrafted,Undrafted,3,0.0,0.7,2.3,0.077,0.091,0.085,0.0,0.636
Ira Newble,,SAS,26.0,200.66,97.52228000000000,USA,Undrafted,Undrafted,Undrafted,27,2.0,1.3,0.2,0.07400000000000000,0.142,0.171,0.435,0.063
Isaiah Rider,,LAL,30.0,195.58,97.52228000000000,USA,1993,1,5,67,7.6,2.3,1.7,0.041000000000000000,0.107,0.226,0.499,0.155
J.R. Reid,,CLE,33.0,205.74,112.037224,USA,1989,1,5,6,1.7,1.3,0.2,0.128,0.081,0.109,0.5870000000000000,0.042
Jabari Smith,,SAC,24.0,210.82,113.398,USA,2000,2,45,9,2.9,0.9,0.7,0.019,0.106,0.2,0.528,0.15
Jacque Vaughn,1500000,UTA,26.0,185.42,86.18248,USA,1997,1,27,82,6.1,1.8,3.9,0.014000000000000000,0.1,0.171,0.535,0.34300000000000000
Jahidi White,3922000,WAS,25.0,205.74,131.54168,USA,1998,2,43,68,8.6,7.7,0.3,0.131,0.255,0.192,0.535,0.021
Jake Tsakalidis,763000,PHX,22.0,218.44,129.27372,Greece,2000,1,25,57,4.5,4.2,0.3,0.09700000000000000,0.187,0.155,0.502,0.033
Jake Voskuhl,316000,CHI,23.0,210.82,111.13004,USA,2000,2,33,16,1.9,2.1,0.3,0.098,0.2,0.141,0.48100000000000000,0.068
Jalen Rose,9658000,IND,28.0,203.2,102.0582,USA,1994,1,13,72,20.5,5.0,6.0,0.015,0.11900000000000000,0.257,0.53,0.28800000000000000
Jamaal Magloire,975000,CHH,23.0,208.28,117.93392,Canada,2000,1,19,74,4.6,4.0,0.4,0.111,0.195,0.16400000000000000,0.506,0.042
Jamal Crawford,2200000,CHI,21.0,195.58,90.7184,USA,2000,1,8,61,4.6,1.5,2.3,0.01,0.092,0.17800000000000000,0.442,0.235
Jamal Mashburn,6200000,CHH,28.0,203.2,109.315672,USA,1993,1,4,76,20.1,7.6,5.4,0.034,0.184,0.268,0.493,0.262
Jamal Robinson,,MIA,27.0,200.66,96.16150400000000,USA,1997,Undrafted,Undrafted,6,1.0,1.8,0.3,0.042,0.145,0.161,0.136,0.051
Jamel Thomas,24000,NJN,24.0,198.12,99.336648,USA,Undrafted,Undrafted,Undrafted,5,2.6,1.8,0.0,0.068,0.10400000000000000,0.19400000000000000,0.342,0.0
James Posey,1047000,DEN,24.0,203.2,97.52228000000000,USA,1999,1,18,82,8.1,5.3,2.0,0.058000000000000000,0.146,0.149,0.511,0.11
James Robinson,,ORL,30.0,187.96,81.64656,USA,1993,1,21,6,1.7,1.3,0.0,0.0,0.21100000000000000,0.13700000000000000,0.455,0.0
Jamie Feick,2200000,NJN,26.0,205.74,115.66596000000000,USA,1996,2,48,6,3.7,9.3,0.8,0.091,0.319,0.105,0.389,0.053
Jaren Jackson,,SAS,33.0,193.04,86.18248,USA,Undrafted,Undrafted,Undrafted,16,2.4,0.8,0.4,0.011000000000000000,0.10100000000000000,0.18100000000000000,0.47700000000000000,0.095
Jason Caffey,4375000,MIL,28.0,203.2,116.119552,USA,1995,1,20,70,7.1,5.0,0.8,0.106,0.16900000000000000,0.168,0.544,0.057
Jason Collier,1190000,HOU,23.0,213.36,117.93392,USA,2000,1,15,23,3.1,1.6,0.3,0.059000000000000000,0.16,0.19400000000000000,0.435,0.05
Jason Hart,316000,MIL,23.0,187.96,82.10015200000000,USA,2000,2,49,1,2.0,0.0,1.0,0.0,0.0,0.126,1.0,0.25
Jason Kidd,7630000,PHX,28.0,193.04,96.16150400000000,USA,1994,1,2,77,16.9,6.4,9.8,0.033,0.151,0.22700000000000000,0.51,0.419
Jason Terry,1579000,ATL,23.0,187.96,78.017824,USA,1999,1,10,82,19.7,3.3,4.9,0.015,0.081,0.252,0.531,0.23600000000000000
Jason Williams,2011000,SAC,25.0,185.42,86.18248,USA,1998,1,7,77,9.4,2.4,5.4,0.009000000000000000,0.075,0.16700000000000000,0.498,0.256
Jeff Foster,922000,IND,24.0,210.82,109.769264,USA,1999,1,21,71,3.5,5.5,0.5,0.14400000000000000,0.23600000000000000,0.121,0.49200000000000000,0.047
Jeff McInnis,523000,LAC,26.0,193.04,80.73937600000000,USA,1996,2,37,81,12.9,2.7,5.5,0.017,0.071,0.183,0.521,0.27
Jelani McCoy,,SEA,23.0,208.28,111.13004,USA,1998,2,33,70,4.5,3.6,0.8,0.091,0.153,0.155,0.52,0.08200000000000000
Jermaine O'Neal,5700000,IND,22.0,210.82,102.511792,USA,1996,1,17,81,12.9,9.8,1.2,0.111,0.22,0.214,0.501,0.066
Jerome Kersey,,MIL,39.0,200.66,97.52228000000000,USA,1984,2,46,22,3.3,2.0,0.7,0.036000000000000000,0.196,0.15,0.473,0.098
Jerome Moiso,1461000,BOS,23.0,208.28,105.23334400000000,France,2000,1,11,24,1.5,1.8,0.1,0.091,0.273,0.187,0.42200000000000000,0.043
Jerome Williams,2750000,TOR,28.0,205.74,93.439952,USA,1996,1,26,59,6.3,6.5,0.8,0.121,0.239,0.153,0.526,0.062
Jerry Stackhouse,5000000,DET,26.0,198.12,98.88305600000000,USA,1995,1,3,80,29.8,3.9,5.1,0.032,0.073,0.348,0.521,0.258
Jim Jackson,,CLE,30.0,198.12,99.79024,USA,1992,1,4,56,11.5,4.0,2.9,0.035,0.11900000000000000,0.22400000000000000,0.455,0.17600000000000000
Jim McIlvaine,5400000,NJN,28.0,215.9,108.86208,USA,1994,2,32,18,1.6,1.9,0.2,0.048,0.179,0.099,0.42100000000000000,0.038
Joe Smith,2250000,DET,25.0,208.28,102.0582,USA,1995,1,1,69,12.3,7.1,1.1,0.086,0.188,0.22,0.475,0.069
Joel Przybilla,1619000,MIL,21.0,215.9,115.66596000000000,USA,2000,1,9,33,0.8,2.2,0.1,0.115,0.161,0.09,0.33900000000000000,0.011000000000000000
John Amaechi,598000,ORL,30.0,208.28,122.46984000000000,England,Undrafted,Undrafted,Undrafted,82,7.9,3.3,0.9,0.048,0.128,0.21900000000000000,0.455,0.07400000000000000
John Coker,,GSW,29.0,213.36,114.758776,USA,Undrafted,Undrafted,Undrafted,6,0.3,0.8,0.3,0.115,0.087,0.13700000000000000,0.125,0.083
John Crotty,800000,UTA,31.0,187.96,87.996848,USA,Undrafted,Undrafted,Undrafted,31,2.1,0.9,1.1,0.058000000000000000,0.07,0.159,0.44300000000000000,0.21100000000000000
John Starks,2250000,UTA,35.0,195.58,86.18248,USA,Undrafted,Undrafted,Undrafted,75,9.3,2.1,2.4,0.017,0.073,0.18100000000000000,0.47600000000000000,0.13
John Stockton,11000000,UTA,39.0,185.42,79.3786,USA,1984,1,16,82,11.5,2.8,8.7,0.029000000000000000,0.087,0.18600000000000000,0.61,0.452
John Wallace,2200000,DET,27.0,205.74,102.0582,USA,1996,1,18,40,5.9,2.1,0.6,0.049,0.121,0.23400000000000000,0.46300000000000000,0.08200000000000000
Johnny Newman,1400000,NJN,37.0,200.66,95.25432,USA,1986,2,29,82,10.9,2.1,1.4,0.019,0.08200000000000000,0.20800000000000000,0.542,0.105
Jon Barry,272700,SAC,31.0,195.58,95.25432,USA,1992,1,21,62,5.1,1.5,2.1,0.017,0.081,0.151,0.55,0.207
Jonathan Bender,2380000,IND,20.0,210.82,89.811216,USA,1999,1,5,59,3.3,1.3,0.5,0.028000000000000000,0.11,0.203,0.447,0.111
Jud Buechler,3259000,DET,33.0,198.12,103.418976,USA,1990,2,38,57,3.4,1.6,0.7,0.029000000000000000,0.111,0.114,0.568,0.083
Jumaine Jones,735000,PHI,22.0,203.2,98.88305600000000,USA,1999,1,27,65,4.7,2.9,0.5,0.079,0.166,0.17300000000000000,0.51,0.064
Juwan Howard,16875000,DAL,28.0,205.74,113.398,USA,1994,1,5,81,18.0,7.1,2.8,0.067,0.156,0.24600000000000000,0.527,0.135
Karl Malone,15750000,UTA,37.0,205.74,116.119552,USA,1985,1,13,81,23.2,8.3,4.5,0.05,0.23600000000000000,0.299,0.5720000000000000,0.23400000000000000
Keith Van Horn,9000000,NJN,25.0,208.28,115.66596000000000,USA,1997,1,2,49,17.0,7.1,1.7,0.052000000000000000,0.182,0.23400000000000000,0.526,0.08200000000000000
Kelvin Cato,5400000,HOU,26.0,210.82,115.66596000000000,USA,1997,1,15,35,4.7,4.0,0.3,0.09300000000000000,0.162,0.12,0.606,0.028000000000000000
Kendall Gill,,NJN,33.0,195.58,97.975872,USA,1990,1,5,31,9.1,4.2,2.8,0.039,0.128,0.207,0.39,0.17
Kenny Anderson,7520000,BOS,30.0,185.42,76.203456,USA,1991,1,2,33,7.5,2.2,4.1,0.021,0.08200000000000000,0.16400000000000000,0.47600000000000000,0.261
Kenny Thomas,885000,HOU,23.0,203.2,117.93392,USA,1999,1,22,74,7.1,5.6,1.0,0.081,0.18100000000000000,0.162,0.507,0.068
Kenyon Martin,3536000,NJN,23.0,205.74,104.32616,USA,2000,1,1,68,12.0,7.4,1.9,0.066,0.191,0.2,0.47200000000000000,0.10300000000000000
Keon Clark,1379000,TOR,26.0,210.82,100.243832,USA,1998,1,13,81,7.9,5.4,0.9,0.087,0.192,0.185,0.512,0.068
Kevin Edwards,548000,VAN,35.0,190.5,95.25432,USA,1988,1,20,46,3.5,1.8,1.1,0.041000000000000000,0.102,0.162,0.414,0.126
Kevin Garnett,19600000,MIN,25.0,210.82,99.79024,USA,1995,1,5,81,22.0,11.4,5.0,0.078,0.252,0.271,0.531,0.215
Kevin Ollie,363000,PHI,28.0,187.96,88.45044,USA,Undrafted,Undrafted,Undrafted,70,3.1,1.4,2.1,0.02,0.099,0.142,0.467,0.268
Kevin Willis,2700000,DEN,38.0,213.36,111.13004,USA,1984,1,11,78,9.3,6.8,0.6,0.10400000000000000,0.217,0.207,0.478,0.048
Keyon Dooling,1538000,LAC,21.0,195.58,87.543256,USA,2000,1,10,76,5.9,1.2,2.3,0.008,0.07,0.19900000000000000,0.509,0.253
Khalid El-Amin,,CHI,22.0,177.8,90.7184,USA,2000,2,34,50,6.3,1.6,2.9,0.023,0.08,0.193,0.45800000000000000,0.28800000000000000
Kobe Bryant,10125000,LAL,22.0,200.66,95.25432,USA,1996,1,13,68,28.5,5.9,5.0,0.042,0.11700000000000000,0.315,0.552,0.22
Kornel David,498000,DET,29.0,205.74,104.32616,USA,Undrafted,Undrafted,Undrafted,27,2.3,1.9,0.3,0.077,0.2,0.142,0.547,0.057
Kurt Thomas,3680000,NYK,28.0,205.74,104.32616,USA,1995,1,10,77,10.4,6.7,0.8,0.105,0.191,0.184,0.5660000000000000,0.052000000000000000
Lamar Odom,2628000,LAC,21.0,208.28,96.615096,USA,1999,1,4,76,17.2,7.8,5.2,0.047,0.19,0.243,0.536,0.24600000000000000
Lamond Murray,3375000,CLE,28.0,200.66,107.047712,USA,1994,1,7,78,12.8,4.4,1.6,0.054000000000000000,0.124,0.233,0.49,0.099
LaPhonso Ellis,1200000,MIN,31.0,203.2,108.86208,USA,1992,1,5,82,9.4,6.0,1.1,0.11700000000000000,0.182,0.196,0.524,0.079
Lari Ketner,,IND,24.0,205.74,125.64498400000000,USA,1999,2,49,3,0.0,0.0,0.3,0.0,0.0,0.155,0.0,0.2
Laron Profit,508000,WAS,23.0,195.58,92.532768,USA,1999,2,38,35,4.3,1.8,2.5,0.035,0.08800000000000000,0.151,0.47,0.22400000000000000
Larry Hughes,1842000,GSW,22.0,195.58,83.46092800000000,USA,1998,1,8,50,16.5,5.5,4.5,0.042,0.122,0.24600000000000000,0.449,0.2
Larry Johnson,12485000,NYK,32.0,200.66,106.59412000000000,USA,1991,1,1,65,9.9,5.6,2.0,0.053,0.156,0.17600000000000000,0.493,0.10800000000000000
Larry Robinson,,ATL,33.0,190.5,81.64656,USA,Undrafted,Undrafted,Undrafted,34,5.9,2.6,1.1,0.043,0.122,0.157,0.511,0.1
Latrell Sprewell,10125000,NYK,30.0,195.58,86.18248,USA,1992,1,24,77,17.7,4.5,3.5,0.02,0.11600000000000000,0.258,0.49700000000000000,0.172
Lavor Postell,,NYK,23.0,195.58,92.98636000000000,USA,2000,2,39,26,2.3,1.0,0.2,0.058000000000000000,0.10100000000000000,0.233,0.44800000000000000,0.058000000000000000
Lawrence Funderburke,2700000,SAC,30.0,205.74,104.32616,USA,1994,2,51,59,4.9,3.3,0.3,0.11600000000000000,0.188,0.196,0.522,0.043
Lee Nailon,,CHH,26.0,203.2,109.315672,USA,1999,2,43,42,3.9,2.2,0.6,0.076,0.147,0.182,0.529,0.102
Lindsey Hunter,2650000,MIL,30.0,187.96,90.7184,USA,1993,1,10,82,10.1,2.1,2.7,0.018000000000000000,0.08200000000000000,0.204,0.5,0.191
Lorenzen Wright,4950000,ATL,25.0,210.82,108.86208,USA,1996,1,7,71,12.4,7.5,1.2,0.10100000000000000,0.19700000000000000,0.233,0.486,0.079
Loy Vaught,4812000,WAS,33.0,205.74,108.86208,USA,1990,1,13,51,3.3,3.4,0.5,0.107,0.263,0.165,0.484,0.068
Luc Longley,5750000,NYK,32.0,218.44,120.20188,USA,1991,1,7,25,2.0,2.6,0.3,0.10300000000000000,0.145,0.136,0.39900000000000000,0.04
Lucious Harris,2160000,NJN,30.0,195.58,92.98636000000000,USA,1993,2,28,73,9.4,3.9,1.8,0.038,0.127,0.16400000000000000,0.498,0.109
Mahmoud Abdul-Rauf,548000,VAN,32.0,185.42,73.481904,USA,1990,1,3,41,6.5,0.6,1.9,0.012,0.048,0.26900000000000000,0.514,0.285
Malik Rose,2570000,SAS,26.0,200.66,115.66596000000000,USA,1996,2,44,57,7.7,5.4,0.8,0.094,0.187,0.19700000000000000,0.498,0.067
Mamadou N'diaye,,TOR,26.0,213.36,115.66596000000000,Senegal,2000,1,26,3,1.3,0.7,0.0,0.14300000000000000,0.14300000000000000,0.21100000000000000,0.41,0.0
Marc Jackson,316000,GSW,26.0,208.28,122.46984000000000,USA,1997,2,37,48,13.2,7.5,1.2,0.086,0.19900000000000000,0.20800000000000000,0.534,0.071
Marcus Camby,5750000,NYK,27.0,210.82,102.0582,USA,1996,1,2,63,12.0,11.5,0.8,0.115,0.29,0.171,0.5590000000000000,0.043
Marcus Fizer,2562000,CHI,22.0,205.74,118.841104,USA,2000,1,4,72,9.5,4.3,1.1,0.055,0.19,0.247,0.47600000000000000,0.09700000000000000
Mario Elie,548000,PHX,37.0,195.58,102.0582,USA,1985,7,160,68,4.4,2.3,1.9,0.028000000000000000,0.09,0.10100000000000000,0.541,0.133
Mark Blount,423000,BOS,25.0,213.36,104.32616,USA,1997,2,54,64,3.9,3.6,0.5,0.1,0.147,0.12300000000000000,0.541,0.049
Mark Bryant,458000,DAL,36.0,205.74,113.398,USA,1988,1,21,18,1.1,1.2,0.2,0.044000000000000000,0.191,0.121,0.428,0.042
Mark Jackson,3565000,NYK,36.0,190.5,92.98636000000000,USA,1987,1,18,83,7.6,3.7,8.0,0.028000000000000000,0.107,0.14300000000000000,0.505,0.396
Mark Madsen,707000,LAL,25.0,205.74,108.86208,USA,2000,1,29,70,2.0,2.2,0.3,0.127,0.13700000000000000,0.10800000000000000,0.53,0.06
Mark Pope,498000,MIL,28.0,208.28,106.59412000000000,USA,1996,2,52,63,2.4,2.3,0.6,0.066,0.105,0.083,0.48,0.052000000000000000
Mark Strickland,,NJN,30.0,208.28,99.79024,USA,Undrafted,Undrafted,Undrafted,55,4.5,2.9,0.4,0.078,0.17300000000000000,0.183,0.465,0.059000000000000000
Mateen Cleaves,1253000,DET,23.0,187.96,92.98636000000000,USA,2000,1,14,78,5.4,1.7,2.7,0.022000000000000000,0.091,0.205,0.45800000000000000,0.281
Matt Bullard,1481000,HOU,34.0,208.28,106.59412000000000,USA,Undrafted,Undrafted,Undrafted,61,5.8,2.1,0.7,0.027000000000000000,0.11800000000000000,0.151,0.569,0.067
Matt Geiger,7515000,PHI,31.0,215.9,112.490816,USA,1992,2,42,35,6.1,4.0,0.4,0.1,0.191,0.22700000000000000,0.43,0.047
Matt Harpring,1244000,CLE,25.0,200.66,104.779752,USA,1998,1,15,56,11.1,4.3,1.8,0.065,0.105,0.191,0.522,0.11
Matt Maloney,548000,ATL,29.0,190.5,90.7184,USA,Undrafted,Undrafted,Undrafted,55,6.7,2.1,2.8,0.011000000000000000,0.081,0.14,0.508,0.187
Maurice Taylor,,HOU,24.0,205.74,117.93392,USA,1997,1,14,69,13.0,5.5,1.5,0.065,0.16,0.231,0.518,0.096
Metta World Peace,1160000,CHI,21.0,200.66,111.58363200000000,USA,1999,1,16,76,11.9,3.9,3.0,0.029000000000000000,0.124,0.217,0.483,0.171
Michael Curry,2200000,DET,32.0,195.58,95.25432,USA,Undrafted,Undrafted,Undrafted,68,5.2,1.8,1.9,0.015,0.077,0.124,0.507,0.138
Michael Dickerson,1310000,VAN,26.0,193.04,86.18248,USA,1998,1,14,70,16.3,3.3,3.3,0.032,0.069,0.226,0.501,0.157
Michael Doleac,,ORL,24.0,210.82,118.841104,USA,1998,1,12,77,6.4,3.5,0.8,0.055,0.171,0.196,0.44300000000000000,0.077
Michael Finley,8400000,DAL,28.0,200.66,97.52228000000000,USA,1995,1,21,82,21.5,5.2,4.4,0.036000000000000000,0.1,0.249,0.521,0.18
Michael Hawkins,,CLE,28.0,182.88,80.73937600000000,USA,Undrafted,Undrafted,Undrafted,10,0.8,0.5,1.3,0.029000000000000000,0.054000000000000000,0.094,0.444,0.271
Michael Olowokandi,3697000,LAC,26.0,213.36,131.995272,Nigeria,1998,1,1,82,8.5,6.4,0.6,0.09300000000000000,0.192,0.209,0.451,0.038
Michael Redd,316000,MIL,21.0,198.12,97.068688,USA,2000,2,43,6,2.2,0.7,0.2,0.073,0.038,0.28300000000000000,0.3,0.056000000000000000
Michael Ruffin,,CHI,24.0,203.2,112.490816,USA,1999,2,32,45,2.6,5.8,0.9,0.134,0.225,0.091,0.48,0.07
Michael Smith,,WAS,29.0,203.2,108.86208,USA,1994,2,35,79,3.8,7.1,1.3,0.11900000000000000,0.29,0.095,0.527,0.099
Michael Stewart,3520000,TOR,26.0,208.28,104.32616,USA,Undrafted,Undrafted,Undrafted,26,1.3,1.1,0.1,0.131,0.14800000000000000,0.16700000000000000,0.39400000000000000,0.03
Mike Bibby,3308000,VAN,23.0,185.42,86.18248,USA,1998,1,2,82,15.9,3.7,8.4,0.017,0.091,0.21100000000000000,0.525,0.376
Mike Miller,2320000,ORL,21.0,203.2,98.88305600000000,USA,2000,1,5,82,11.9,4.0,1.7,0.03,0.122,0.183,0.541,0.095
Mike Penberthy,,LAL,26.0,190.5,81.64656,USA,Undrafted,Undrafted,Undrafted,53,5.0,1.2,1.3,0.013000000000000000,0.067,0.141,0.5670000000000000,0.129
Mike Smith,316000,WAS,25.0,203.2,88.45044,USA,2000,2,35,17,3.0,1.3,0.6,0.061,0.084,0.177,0.386,0.09300000000000000
Mikki Moore,2848000,DET,25.0,213.36,104.32616,USA,Undrafted,Undrafted,Undrafted,81,4.4,3.9,0.4,0.114,0.187,0.151,0.552,0.049
Milt Palacio,326000,BOS,23.0,190.5,88.45044,Belize,Undrafted,Undrafted,Undrafted,58,5.9,1.8,2.6,0.024,0.08,0.155,0.556,0.23400000000000000
Mitch Richmond,,WAS,36.0,195.58,97.52228000000000,USA,1988,1,5,37,16.2,2.9,3.0,0.014000000000000000,0.09300000000000000,0.24,0.521,0.16
Monty Williams,548000,ORL,29.0,203.2,102.0582,USA,1994,1,24,82,5.0,3.0,1.0,0.08,0.145,0.191,0.485,0.122
Moochie Norris,523000,HOU,27.0,185.42,79.3786,USA,1996,2,33,82,6.6,2.4,3.5,0.031,0.106,0.16900000000000000,0.546,0.284
Mookie Blaylock,4800000,GSW,34.0,185.42,83.91452,USA,1989,1,12,69,11.0,3.9,6.7,0.03,0.09700000000000000,0.174,0.455,0.32
Morris Peterson,898000,TOR,23.0,200.66,98.88305600000000,USA,2000,1,21,80,9.3,3.2,1.3,0.068,0.094,0.20200000000000000,0.507,0.09300000000000000
Muggsy Bogues,1740000,TOR,36.0,160.02,61.688512,USA,1987,1,12,3,0.0,1.0,1.7,0.0,0.12,0.078,0.0,0.294
Nazr Mohammed,739000,ATL,23.0,208.28,108.86208,USA,1998,1,29,58,7.6,5.3,0.3,0.135,0.233,0.23,0.52,0.034
Nick Anderson,,SAC,33.0,198.12,103.418976,USA,1989,1,11,21,1.8,1.2,0.6,0.019,0.136,0.171,0.33300000000000000,0.125
Nick Van Exel,8184000,DEN,29.0,185.42,86.18248,USA,1993,2,37,71,17.7,3.4,8.5,0.018000000000000000,0.08,0.23400000000000000,0.515,0.38300000000000000
Obinna Ekezie,,DAL,25.0,205.74,117.93392,Nigeria,1999,2,37,33,3.1,2.4,0.3,0.133,0.201,0.193,0.484,0.06
Olden Polynice,2200000,UTA,36.0,213.36,113.398,USA,1987,1,8,81,5.3,4.7,0.4,0.122,0.165,0.15,0.484,0.029000000000000000
Olumide Oyedeji,316000,SEA,20.0,208.28,108.86208,Nigeria,2000,2,42,30,1.5,2.2,0.1,0.13700000000000000,0.21900000000000000,0.114,0.532,0.014000000000000000
Othella Harrington,2250000,NYK,27.0,205.74,106.59412000000000,USA,1996,2,30,74,9.0,5.2,0.8,0.09300000000000000,0.155,0.192,0.5490000000000000,0.052000000000000000
Otis Thorpe,2200000,CHH,38.0,208.28,112.490816,USA,1984,1,9,49,2.8,3.0,0.6,0.095,0.174,0.126,0.48700000000000000,0.077
P.J. Brown,5764000,CHH,31.0,210.82,108.86208,USA,1992,2,29,80,8.5,9.3,1.6,0.10400000000000000,0.19900000000000000,0.124,0.518,0.071
Pat Garrity,1019000,ORL,24.0,205.74,107.95489600000000,USA,1998,1,19,76,8.3,2.8,0.7,0.034,0.11900000000000000,0.192,0.507,0.056000000000000000
Patrick Ewing,14000000,SEA,38.0,213.36,115.66596000000000,Jamaica,1985,1,1,79,9.6,7.4,1.2,0.066,0.248,0.20200000000000000,0.478,0.071
Paul McPherson,316000,GSW,22.0,193.04,95.25432,USA,Undrafted,Undrafted,Undrafted,55,4.8,1.4,0.7,0.069,0.078,0.204,0.542,0.105
Paul Pierce,1608000,BOS,23.0,198.12,104.32616,USA,1998,1,10,82,25.3,6.4,3.1,0.034,0.16700000000000000,0.306,0.563,0.166
Peja Stojakovic,1310000,SAC,24.0,205.74,103.872568,Serbia and Montenegro,1996,1,14,75,20.4,5.8,2.2,0.036000000000000000,0.124,0.223,0.5760000000000000,0.094
Pepe Sanchez,,PHI,24.0,193.04,88.45044,Argentina,Undrafted,Undrafted,Undrafted,29,0.7,0.5,1.4,0.023,0.08900000000000000,0.107,0.34600000000000000,0.402
Pervis Ellison,,SEA,34.0,205.74,95.25432,USA,1989,1,1,9,0.7,1.3,0.3,0.065,0.23800000000000000,0.115,0.381,0.125
Popeye Jones,2815000,WAS,31.0,203.2,113.398,USA,1992,2,41,45,3.6,4.9,0.7,0.141,0.267,0.134,0.457,0.075
Quentin Richardson,1020000,LAC,21.0,198.12,101.151016,USA,2000,1,18,76,8.1,3.4,0.8,0.08800000000000000,0.127,0.218,0.516,0.08200000000000000
Quincy Lewis,1000000,UTA,24.0,200.66,97.52228000000000,USA,1999,1,19,35,3.5,1.3,0.5,0.046,0.1,0.172,0.469,0.077
Raef LaFrentz,2970000,DEN,25.0,210.82,108.86208,USA,1998,1,3,78,12.9,7.8,1.4,0.075,0.191,0.18600000000000000,0.544,0.073
Rafer Alston,423000,MIL,24.0,187.96,78.471416,USA,1998,2,39,37,2.1,0.8,1.8,0.015,0.114,0.17800000000000000,0.429,0.386
Raja Bell,24000,PHI,24.0,195.58,92.532768,U.S. Virgin Islands,Undrafted,Undrafted,Undrafted,5,1.0,0.2,0.0,0.0,0.038,0.138,0.35700000000000000,0.0
Randy Brown,2250000,BOS,33.0,187.96,86.18248,USA,1991,2,31,54,4.1,1.8,2.9,0.021,0.078,0.115,0.43800000000000000,0.19700000000000000
Randy Livingston,,GSW,26.0,193.04,95.25432,USA,1996,2,42,2,0.0,0.5,0.5,0.0,0.16700000000000000,0.13,0.0,0.33300000000000000
Rashard Lewis,3920000,SEA,21.0,208.28,97.52228000000000,USA,1998,2,32,78,14.8,6.9,1.6,0.06,0.165,0.182,0.5870000000000000,0.073
Rasheed Wallace,12600000,POR,26.0,210.82,104.32616,USA,1995,1,4,77,19.2,7.8,2.8,0.063,0.177,0.23400000000000000,0.56,0.128
Rasho Nesterovic,1123000,MIN,25.0,213.36,113.398,Slovenia,1998,1,17,73,4.5,3.9,0.6,0.08800000000000000,0.171,0.147,0.47200000000000000,0.053
Ray Allen,10125000,MIL,25.0,195.58,92.98636000000000,USA,1996,1,5,82,22.0,5.2,4.6,0.037000000000000000,0.11600000000000000,0.242,0.61,0.19900000000000000
Reggie Miller,10666000,IND,35.0,200.66,91.625584,USA,1987,1,11,81,18.9,3.5,3.2,0.014000000000000000,0.086,0.215,0.574,0.145
Reggie Slater,,MIN,30.0,200.66,115.66596000000000,USA,Undrafted,Undrafted,Undrafted,55,4.6,3.4,0.5,0.133,0.17300000000000000,0.174,0.568,0.055
Richard Hamilton,1973000,WAS,23.0,198.12,83.91452,USA,1999,1,7,78,18.1,3.1,2.9,0.034,0.076,0.281,0.508,0.172
Rick Brunson,507000,NYK,29.0,193.04,86.18248,USA,Undrafted,Undrafted,Undrafted,22,2.1,1.0,1.4,0.026000000000000000,0.091,0.166,0.38,0.287
Rick Fox,3412000,LAL,31.0,200.66,109.769264,Canada,1991,1,24,82,9.6,4.0,3.2,0.04,0.11600000000000000,0.162,0.562,0.168
Ricky Davis,939000,MIA,21.0,200.66,89.357624,USA,1998,1,21,7,4.6,1.0,1.6,0.015,0.083,0.22900000000000000,0.49200000000000000,0.23400000000000000
Robert Horry,5300000,LAL,30.0,208.28,106.59412000000000,USA,1992,1,11,79,5.2,3.7,1.6,0.068,0.149,0.141,0.489,0.124
Robert Pack,4320000,DEN,32.0,187.96,86.18248,USA,Undrafted,Undrafted,Undrafted,74,6.5,1.9,4.0,0.025,0.094,0.213,0.493,0.375
Robert Traylor,2203000,CLE,24.0,203.2,131.088088,USA,1998,1,6,70,5.7,4.3,0.9,0.12,0.175,0.18100000000000000,0.521,0.08800000000000000
Rod Strickland,2250000,POR,34.0,190.5,83.91452,USA,1988,1,19,54,9.2,2.6,5.6,0.031,0.08900000000000000,0.204,0.493,0.385
Rodney Buford,288000,PHI,23.0,195.58,85.728888,USA,1999,2,53,47,5.3,1.6,0.4,0.031,0.11700000000000000,0.22400000000000000,0.489,0.055
Rodney Rogers,2200000,PHX,30.0,200.66,115.66596000000000,USA,1993,1,9,82,12.2,4.4,2.2,0.049,0.14400000000000000,0.23200000000000000,0.507,0.145
Ron Harper,2200000,LAL,37.0,198.12,97.52228000000000,USA,1986,1,8,47,6.5,3.5,2.4,0.046,0.11600000000000000,0.139,0.525,0.14400000000000000
Ron Mercer,5515000,CHI,25.0,200.66,95.25432,USA,1997,1,6,61,19.7,3.9,3.3,0.033,0.08,0.248,0.49200000000000000,0.16
Roshown McLeod,978000,PHI,25.0,203.2,100.243832,USA,1998,1,20,35,9.6,3.4,1.7,0.046,0.1,0.205,0.475,0.11200000000000000
Ruben Garces,,GSW,27.0,205.74,111.13004,USA,Undrafted,Undrafted,Undrafted,13,1.2,2.2,0.4,0.172,0.16700000000000000,0.149,0.313,0.08800000000000000
Ruben Patterson,990000,SEA,25.0,195.58,101.604608,USA,1998,2,31,76,13.0,5.0,2.1,0.106,0.11,0.23200000000000000,0.544,0.13
Ruben Wolkowyski,316000,SEA,27.0,208.28,122.46984000000000,Argentina,Undrafted,Undrafted,Undrafted,34,2.2,1.4,0.1,0.043,0.113,0.153,0.39900000000000000,0.015
Ryan Bowen,508000,DEN,25.0,200.66,99.79024,USA,1998,2,55,57,3.4,2.0,0.5,0.09300000000000000,0.083,0.11700000000000000,0.585,0.068
Sam Cassell,3500000,MIL,31.0,190.5,83.91452,USA,1993,1,24,76,18.2,3.8,7.6,0.019,0.098,0.24600000000000000,0.542,0.34600000000000000
Sam Jacobson,,MIN,25.0,193.04,97.52228000000000,USA,1998,1,26,14,1.4,0.4,0.3,0.056000000000000000,0.067,0.14400000000000000,0.518,0.08200000000000000
Sam Mitchell,2100000,MIN,37.0,200.66,97.52228000000000,USA,1985,3,54,82,3.5,1.5,0.7,0.031,0.122,0.161,0.455,0.08900000000000000
Sam Perkins,2250000,IND,40.0,205.74,117.93392,USA,1984,1,4,64,3.8,2.6,0.6,0.037000000000000000,0.159,0.12300000000000000,0.499,0.066
Samaki Walker,,SAS,25.0,205.74,117.93392,USA,1996,1,9,61,5.3,4.0,0.5,0.083,0.209,0.185,0.524,0.053
Scot Pollard,3922000,SAC,26.0,210.82,120.20188,USA,1997,1,19,77,6.5,6.0,0.6,0.11700000000000000,0.184,0.146,0.53,0.046
Scott Burrell,29000,CHH,30.0,200.66,98.88305600000000,USA,1993,1,20,4,4.3,0.8,0.3,0.032,0.056000000000000000,0.196,0.507,0.048
Scott Padgett,730000,UTA,25.0,205.74,108.86208,USA,1999,1,28,27,2.1,1.4,0.2,0.17800000000000000,0.192,0.214,0.541,0.076
Scott Williams,4200000,MIL,33.0,208.28,104.32616,USA,Undrafted,Undrafted,Undrafted,66,6.1,5.5,0.5,0.08800000000000000,0.239,0.153,0.514,0.04
Scottie Pippen,13151000,POR,35.0,200.66,103.418976,USA,1987,1,5,64,11.3,5.2,4.6,0.04,0.14400000000000000,0.17800000000000000,0.541,0.212
Sean Colson,83000,HOU,25.0,182.88,79.3786,USA,Undrafted,Undrafted,Undrafted,13,1.2,0.5,0.8,0.04,0.111,0.264,0.29100000000000000,0.455
Sean Elliott,5333000,SAS,33.0,203.2,99.79024,USA,1989,1,3,52,7.9,3.3,1.6,0.016,0.129,0.16400000000000000,0.544,0.115
Sean Rooks,2160000,LAC,31.0,208.28,117.93392,USA,1992,2,30,82,5.4,3.7,0.9,0.071,0.146,0.157,0.48700000000000000,0.081
Shammond Williams,550000,SEA,26.0,185.42,91.171992,USA,1998,2,34,69,6.8,1.9,2.8,0.031,0.091,0.18,0.569,0.242
Shandon Anderson,2200000,HOU,27.0,198.12,95.25432,USA,1996,2,54,82,8.7,4.1,2.3,0.036000000000000000,0.12300000000000000,0.154,0.528,0.12300000000000000
Shaquille O'Neal,19285000,LAL,29.0,215.9,142.88148,USA,1992,1,1,74,28.7,12.7,3.7,0.11600000000000000,0.247,0.318,0.574,0.177
Shareef Abdur-Rahim,10125000,VAN,24.0,205.74,104.32616,USA,1996,1,3,81,20.5,9.1,3.1,0.063,0.195,0.245,0.5490000000000000,0.142
Shawn Bradley,8370000,DAL,29.0,228.6,120.20188,USA,1993,1,2,82,7.1,7.4,0.5,0.092,0.228,0.14300000000000000,0.551,0.029000000000000000
Shawn Kemp,11720000,POR,31.0,208.28,127.00576000000000,USA,1989,1,17,68,6.5,3.8,1.0,0.071,0.221,0.243,0.469,0.106
Shawn Marion,1662000,PHX,23.0,200.66,97.52228000000000,USA,1999,1,9,79,17.3,10.7,2.0,0.086,0.254,0.222,0.532,0.102
Shawnelle Scott,548000,SAS,29.0,210.82,113.398,USA,1994,2,43,27,1.6,1.9,0.1,0.185,0.235,0.21100000000000000,0.424,0.051
Sherman Douglas,,NJN,34.0,182.88,81.64656,USA,1989,2,28,59,5.7,1.3,2.4,0.023,0.06,0.185,0.478,0.243
Slava Medvedenko,,LAL,22.0,208.28,113.398,Ukraine,Undrafted,Undrafted,Undrafted,7,4.6,1.3,0.3,0.026000000000000000,0.16,0.337,0.528,0.087
Soumaila Samake,316000,NJN,23.0,213.36,101.604608,Mali,2000,2,36,34,1.4,1.6,0.0,0.10400000000000000,0.161,0.12300000000000000,0.39300000000000000,0.008
Stacey Augmon,548000,POR,32.0,203.2,92.98636000000000,USA,1991,1,9,66,4.7,2.4,1.5,0.062,0.09300000000000000,0.139,0.511,0.131
Stephen Jackson,316000,NJN,23.0,203.2,98.88305600000000,USA,1997,2,42,77,8.2,2.7,1.8,0.027000000000000000,0.11700000000000000,0.20600000000000000,0.503,0.15
Stephon Marbury,10130000,NJN,24.0,187.96,81.64656,USA,1996,1,4,67,23.9,3.1,7.6,0.023,0.069,0.293,0.54,0.389
Steve Francis,3246000,HOU,24.0,190.5,87.543256,USA,1999,1,2,80,19.9,6.9,6.5,0.071,0.129,0.24100000000000000,0.563,0.278
Steve Goodrich,37000,CHI,25.0,208.28,99.79024,USA,Undrafted,Undrafted,Undrafted,12,1.6,1.8,0.5,0.068,0.128,0.10400000000000000,0.451,0.075
Steve Kerr,2200000,SAS,35.0,190.5,81.64656,USA,1988,2,50,55,3.3,0.6,1.0,0.011000000000000000,0.051,0.135,0.546,0.14300000000000000
Steve Nash,5500000,DAL,27.0,190.5,88.45044,Canada,1996,1,15,70,15.6,3.2,7.3,0.023,0.078,0.21100000000000000,0.603,0.335
Steven Smith,8100000,POR,32.0,203.2,100.243832,USA,1991,1,5,81,13.6,3.4,2.6,0.042,0.086,0.19700000000000000,0.5870000000000000,0.139
Stromile Swift,3164000,VAN,21.0,205.74,102.0582,USA,2000,1,2,80,4.9,3.6,0.4,0.099,0.154,0.165,0.48700000000000000,0.035
Tariq Abdul-Wahad,4500000,DEN,26.0,198.12,101.151016,France,1997,1,11,29,3.8,2.0,0.8,0.035,0.11900000000000000,0.17,0.43800000000000000,0.087
Terrance Roberson,,CHH,24.0,200.66,97.52228000000000,USA,Undrafted,Undrafted,Undrafted,3,0.0,0.3,0.3,0.0,0.077,0.134,0.0,0.111
Terrell Brandon,8325000,MIN,31.0,180.34,78.471416,USA,1991,1,11,78,16.0,3.8,7.5,0.024,0.098,0.221,0.507,0.326
Terry Davis,548000,DEN,34.0,208.28,122.46984000000000,USA,Undrafted,Undrafted,Undrafted,19,1.7,2.8,0.4,0.102,0.174,0.07400000000000000,0.47600000000000000,0.05
Terry Mills,,IND,33.0,208.28,104.32616,USA,1990,1,16,14,1.8,1.5,0.4,0.037000000000000000,0.168,0.174,0.368,0.08200000000000000
Terry Porter,2200000,SAS,38.0,190.5,92.98636000000000,USA,1985,1,24,80,7.2,2.5,3.1,0.017,0.11200000000000000,0.16700000000000000,0.583,0.248
Theo Ratliff,7800000,PHI,28.0,208.28,102.0582,USA,1995,1,18,50,12.4,8.3,1.2,0.08200000000000000,0.172,0.172,0.562,0.054000000000000000
Tim Duncan,9658000,SAS,25.0,213.36,117.93392,US Virgin Islands,1997,1,1,82,22.2,12.2,3.0,0.09700000000000000,0.24600000000000000,0.287,0.536,0.15
Tim Hardaway,12000000,MIA,34.0,182.88,88.45044,USA,1989,1,14,77,14.9,2.6,6.3,0.012,0.081,0.244,0.513,0.344
Tim James,783000,CHH,24.0,200.66,96.16150400000000,USA,1999,1,25,30,1.5,1.2,0.3,0.099,0.11,0.154,0.387,0.065
Tim Thomas,8507000,MIL,24.0,208.28,104.32616,USA,1997,1,7,76,12.6,4.1,1.8,0.044000000000000000,0.128,0.214,0.5490000000000000,0.10800000000000000
Todd Day,,MIN,31.0,198.12,85.275296,USA,1992,1,8,31,4.3,1.2,0.9,0.035,0.094,0.203,0.515,0.131
Todd Fuller,,MIA,26.0,210.82,115.66596000000000,USA,1996,1,11,10,2.8,1.8,0.1,0.092,0.2,0.256,0.363,0.027000000000000000
Todd MacCulloch,423000,PHI,25.0,213.36,115.66596000000000,Canada,1999,2,47,63,4.1,2.7,0.2,0.135,0.182,0.18100000000000000,0.607,0.03
Tom Gugliotta,9336000,PHX,31.0,208.28,108.86208,USA,1992,1,6,57,6.4,4.5,1.0,0.071,0.17800000000000000,0.179,0.43700000000000000,0.078
Tom Hammonds,1130000,MIN,34.0,205.74,97.52228000000000,USA,1989,1,9,7,1.0,0.6,0.1,0.071,0.08,0.198,0.322,0.04
Toni Kukoc,7167000,ATL,32.0,210.82,106.59412000000000,Croatia,1990,2,29,65,11.1,4.0,3.1,0.05,0.13700000000000000,0.21600000000000000,0.5530000000000000,0.207
Tony Battie,3200000,BOS,25.0,210.82,108.86208,USA,1997,1,5,40,6.5,5.8,0.4,0.096,0.21600000000000000,0.14400000000000000,0.562,0.034
Tony Delk,2250000,PHX,27.0,187.96,85.728888,USA,1996,1,16,82,12.3,3.2,2.0,0.038,0.09300000000000000,0.217,0.49,0.11800000000000000
Tony Massenburg,1360000,VAN,33.0,205.74,113.398,USA,1990,2,43,52,4.5,4.0,0.2,0.10400000000000000,0.184,0.158,0.507,0.018000000000000000
Tony Smith,,ATL,33.0,190.5,83.91452,USA,1990,2,51,6,2.8,0.5,1.7,0.033,0.016,0.191,0.35600000000000000,0.204
Tracy McGrady,9658000,ORL,22.0,203.2,95.25432,USA,1997,1,9,77,26.8,7.5,4.6,0.067,0.142,0.311,0.521,0.218
Tracy Murray,3060000,TOR,29.0,200.66,103.418976,USA,1992,1,18,51,5.0,1.6,0.5,0.04,0.11800000000000000,0.217,0.48200000000000000,0.068
Trajan Langdon,1500000,CLE,25.0,190.5,89.357624,USA,1999,1,11,65,6.0,1.4,1.2,0.013000000000000000,0.081,0.161,0.561,0.11900000000000000
Travis Best,3250000,IND,28.0,180.34,83.46092800000000,USA,1995,1,23,77,11.9,2.9,6.1,0.018000000000000000,0.083,0.193,0.517,0.34
Travis Knight,3200000,NYK,26.0,213.36,106.59412000000000,USA,1996,1,29,45,0.6,1.2,0.1,0.08800000000000000,0.15,0.135,0.23800000000000000,0.038
Troy Hudson,523000,ORL,25.0,185.42,77.11064,USA,Undrafted,Undrafted,Undrafted,75,4.8,1.4,2.2,0.041000000000000000,0.075,0.22,0.42700000000000000,0.26900000000000000
Tyrone Corbin,,TOR,38.0,198.12,95.25432,USA,1985,2,35,15,1.3,0.9,0.3,0.027000000000000000,0.10400000000000000,0.16,0.252,0.059000000000000000
Tyrone Hill,7415000,PHI,33.0,205.74,113.398,USA,1990,1,11,76,9.6,9.0,0.6,0.11600000000000000,0.21,0.16,0.515,0.033
Tyrone Nesby,2990000,WAS,25.0,198.12,111.13004,USA,Undrafted,Undrafted,Undrafted,62,8.3,2.8,1.2,0.037000000000000000,0.09300000000000000,0.184,0.444,0.08200000000000000
Tyronn Lue,865000,LAL,24.0,182.88,80.73937600000000,USA,1998,1,23,38,3.4,0.8,1.2,0.012,0.066,0.14800000000000000,0.51,0.157
Tyus Edney,523000,IND,28.0,177.8,75.296272,USA,1995,2,47,24,4.4,1.0,2.3,0.021,0.08200000000000000,0.225,0.49,0.37800000000000000
Vernon Maxwell,161000,DAL,35.0,193.04,86.18248,USA,1988,2,47,43,4.7,1.5,1.1,0.007000000000000000,0.1,0.187,0.424,0.12
Vin Baker,10125000,SEA,29.0,210.82,113.398,USA,1993,1,8,76,12.2,5.7,1.2,0.098,0.139,0.23800000000000000,0.48100000000000000,0.07200000000000000
Vince Carter,2425000,TOR,24.0,198.12,102.0582,USA,1998,1,5,75,27.6,5.5,3.9,0.065,0.09300000000000000,0.305,0.551,0.187
Vinny Del Negro,2100000,PHX,34.0,193.04,90.7184,USA,1988,2,29,65,3.9,1.3,1.9,0.014000000000000000,0.091,0.13700000000000000,0.501,0.213
Vitaly Potapenko,4286000,BOS,26.0,208.28,129.27372,Ukraine,1996,1,12,82,7.5,6.0,0.8,0.121,0.192,0.166,0.517,0.059000000000000000
Vlade Divac,9641000,SAC,33.0,215.9,117.93392,Serbia and Montenegro,1989,1,26,81,12.0,8.3,2.9,0.096,0.205,0.2,0.536,0.14300000000000000
Vladimir Stepania,,NJN,25.0,213.36,107.047712,Georgia,1998,1,27,29,2.8,3.8,0.6,0.125,0.303,0.191,0.39800000000000000,0.107
Vonteego Cummings,757000,GSW,25.0,190.5,86.18248,USA,1999,1,26,66,7.3,2.1,3.4,0.03,0.073,0.183,0.425,0.253
Voshon Lenard,3780000,DEN,28.0,193.04,92.98636000000000,USA,1994,2,46,80,12.2,2.9,2.4,0.021,0.087,0.198,0.522,0.134
Wally Szczerbiak,2162000,MIN,24.0,200.66,110.676448,USA,1999,1,6,82,14.0,5.5,3.2,0.053,0.125,0.182,0.5660000000000000,0.141
Walt Williams,4500000,HOU,31.0,203.2,104.32616,USA,1992,1,7,72,8.3,3.4,1.3,0.023,0.151,0.187,0.527,0.102
Walter McCarty,2812000,BOS,27.0,208.28,104.32616,USA,1996,1,19,60,2.2,1.4,0.7,0.057,0.141,0.147,0.474,0.136
Wang Zhi-zhi,,DAL,23.0,215.9,99.79024,China,1999,2,36,5,4.8,1.4,0.0,0.029000000000000000,0.17600000000000000,0.285,0.513,0.0
Wesley Person,5600000,CLE,30.0,198.12,90.7184,USA,1994,1,23,44,7.1,3.0,1.5,0.014000000000000000,0.14400000000000000,0.163,0.514,0.109
Will Perdue,2250000,POR,35.0,213.36,108.86208,USA,1988,1,11,13,1.1,1.4,0.2,0.14,0.293,0.085,0.6510000000000000,0.053
William Avery,1286000,MIN,21.0,187.96,89.357624,USA,1999,1,14,55,2.8,0.5,1.4,0.013000000000000000,0.057,0.2,0.48200000000000000,0.28600000000000000
Zan Tabak,1210000,IND,31.0,213.36,116.573144,USA,1991,2,51,55,3.9,3.9,0.6,0.10400000000000000,0.203,0.161,0.523,0.07
Zendon Hamilton,316000,LAC,26.0,210.82,115.212368,USA,Undrafted,Undrafted,Undrafted,3,3.0,2.7,0.0,0.14300000000000000,0.294,0.306,0.359,0.0
Zydrunas Ilgauskas,10130000,CLE,26.0,220.98,117.93392,Lithuania,1996,1,20,24,11.7,6.7,0.8,0.129,0.171,0.245,0.524,0.057